Nome,Cognome,Et√†
Quentin,Galli,22
Lara,Greco,27
Nadia,Ricci,22
Zara,Orlando,27
Xenia,Rinaldi,19
Giorgio,Ferrari,27
Nadia,Galli,27
Yuri,Santoro,27
Zara,Martini,29
Alessia,Sarti,19
Alessia,Rossi,29
Ivan,Santoro,25
Teresa,Costa,21
Paola,Palmieri,23
Alessia,Galli,18
Alessandro,Sarti,27
Omar,Messina,28
Leonardo,Mancini,29
Marco,Barbieri,27
Bianca,Mancini,19
Alessandro,Sorrentino,29
Federico,Martini,26
Giulia,Sorrentino,29
Daniela,Monti,28
Giorgio,Serra,22
Helena,Orlando,28
Alessia,Greco,24
Ivan,Bianchi,27
Enrico,Greco,22
Enrico,Sarti,22
Quentin,Sorrentino,18
Giorgio,Marino,25
Helena,Mancini,23
Alessandro,Monti,26
Nadia,De Luca,28
Ugo,Rossi,28
Simone,Costa,19
Giorgio,Bernardi,27
Alessia,De Luca,24
Walter,Farina,19
Alessia,Fontana,18
Quentin,Monti,22
Paola,Rinaldi,25
Rita,Ricci,26
Federico,Lombardi,26
Alessandro,De Luca,28
Leonardo,Fontana,30
Ivan,Mancini,27
Yuri,Fontana,20
Omar,Bianchi,27
Giulia,Ferrari,28
Helena,Esposito,29
Walter,Lombardi,30
Lara,Galli,21
Bianca,Ruggiero,20
Rita,Ricci,21
Helena,Rinaldi,26
Matteo,Messina,30
Nadia,Moretti,29
Lara,Ferrari,26
Quentin,Lombardi,26
Xenia,Farina,25
Vera,Barbieri,21
Zara,Farina,23
Giulia,Ferrari,18
Xenia,Sorrentino,20
Helena,Sarti,20
Vera,Ferrari,28
Zara,Bernardi,18
Bianca,Messina,30
Walter,Rossi,19
Yuri,Santoro,28
Francesca,Villa,23
Daniela,Moretti,25
Giorgio,Ricci,27
Helena,Monti,26
Ugo,Lombardi,30
Nadia,Bernardi,20
Carlo,Farina,25
Carlo,Monti,23
Giorgio,Costa,27
Daniela,Moretti,24
Francesca,Esposito,21
Paola,Sorrentino,21
Teresa,Fontana,26
Ugo,Farina,25
Alessia,Villa,28
Daniela,Bernardi,24
Chiara,Palmieri,26
Federico,Messina,26
Marco,Monti,25
Teresa,Greco,19
Giorgio,Romano,26
Leonardo,Sorrentino,20
Ivan,Ferrari,19
Alessandro,Marino,20
Chiara,Galli,24
Nadia,Villa,26
Vera,Moretti,28
Helena,Rossi,21
